first_name,surname,email,gender
Talon,Torres,sit@hotmail.org,MALE
Morgan,Wilson,proin@icloud.couk,MALE
Sade,Finley,tempor@hotmail.couk,FEMALE
Micah,Horton,ultricies.ornare.elit@aol.net,FEMALE
Kenyon,Henson,suscipit.nonummy@outlook.couk,MALE
Madeline,Rogers,velit.egestas.lacinia@google.com,MALE
Cameron,Guzman,ipsum.suspendisse@icloud.org,FEMALE
Jenna,Shaw,mi@aol.ca,FEMALE
Indigo,Washington,magna@aol.net,MALE
Janna,Drake,quis.urna@hotmail.ca,MALE
Emma,Swanson,quis@protonmail.ca,FEMALE
Rose,Diaz,ipsum.dolor.sit@protonmail.com,FEMALE
Urielle,Ferrell,sit.amet@google.edu,MALE
Calvin,Solis,arcu.aliquam@protonmail.org,MALE
Chaney,Cobb,at.pretium.aliquet@aol.edu,FEMALE
Lavinia,Clemons,donec@outlook.net,FEMALE
Quamar,Valentine,tellus@hotmail.couk,MALE
Evelyn,Wolf,aenean.euismod@hotmail.com,MALE
Desiree,Merritt,mauris.blandit.enim@yahoo.net,FEMALE
Clare,Pennington,eros.nec@icloud.ca,FEMALE
Trevor,Baxter,non.sollicitudin@aol.edu,MALE
Price,Flynn,dapibus@hotmail.net,MALE
Courtney,Ortega,mauris@aol.com,FEMALE
Acton,Burns,ac.metus.vitae@icloud.ca,FEMALE
Halla,Vega,a@protonmail.ca,MALE
Boris,West,tortor.integer@protonmail.edu,MALE
Elijah,Rivers,aliquet.diam@outlook.org,FEMALE
Serena,Kramer,volutpat@hotmail.org,FEMALE
Olivia,Mathews,est.arcu@google.com,MALE
Alyssa,Fulton,eleifend.cras.sed@aol.org,MALE
Jamal,Carter,augue@yahoo.net,FEMALE
Theodore,Jenkins,curabitur@protonmail.net,FEMALE
Cynthia,Rush,arcu.vestibulum@hotmail.ca,MALE
Ishmael,Ewing,pede.cras.vulputate@protonmail.net,MALE
Ori,Lee,in@google.couk,FEMALE
Carlos,Gray,mauris.blandit@google.couk,FEMALE
Buffy,Bruce,per.conubia@outlook.org,MALE
Beatrice,Trujillo,eget.venenatis@aol.net,MALE
Hunter,Burch,imperdiet.dictum.magna@protonmail.edu,FEMALE
Paula,Moran,rutrum.lorem@google.com,FEMALE
Carolyn,Sweet,duis.a@google.com,MALE
Jacob,Dawson,class.aptent@hotmail.edu,MALE
Nadine,Miles,a.malesuada@yahoo.org,FEMALE
Lavinia,Cain,facilisis.eget.ipsum@protonmail.org,FEMALE
Cade,Booker,in@yahoo.org,MALE
Demetrius,Hughes,fusce.aliquam.enim@outlook.com,MALE
Tate,Cotton,vitae.erat@icloud.edu,FEMALE
Whoopi,Davenport,non.hendrerit@protonmail.couk,FEMALE
Caryn,Shannon,lobortis.ultrices.vivamus@google.edu,MALE
Leonard,Moses,vestibulum.massa@google.ca,MALE
Bo,Aguilar,fames@google.couk,FEMALE
Galena,Poole,euismod@yahoo.org,FEMALE
Deacon,Pope,pretium.neque.morbi@outlook.ca,MALE
Emma,Wheeler,eget.volutpat@icloud.edu,MALE
Buckminster,Austin,id.mollis@google.edu,FEMALE
Bethany,Benjamin,felis.donec@hotmail.ca,FEMALE
Quin,Holden,risus.odia@yahoo.ca,MALE
Olga,Peterson,urna.nullam.lobortis@yahoo.edu,MALE
Aspen,Wiggins,rhoncus.donec.est@outlook.org,FEMALE
Nichole,Cobb,ullamcorper.magna.sed@icloud.edu,FEMALE
Daphne,Barlow,dictum.sapien@protonmail.couk,MALE
Zachary,Kennedy,quis.diam@protonmail.couk,MALE
Rhiannon,Delacruz,consectetuer@icloud.couk,FEMALE
Dorothy,Durham,nunc.ut.erat@aol.com,FEMALE
Ivana,Parrish,sociis.natoque.penatibus@outlook.edu,MALE
Denise,Hartman,non@aol.edu,MALE
Hayley,Sutton,integer.vitae@yahoo.ca,FEMALE
Willa,Collier,sed.pede@outlook.com,FEMALE
Carla,Rutledge,vel@yahoo.couk,MALE
Chantale,Castillo,non@icloud.ca,MALE
Malik,Hunt,aliquam.arcu@google.net,FEMALE
Kelsie,Snider,ut.quam.vel@icloud.org,FEMALE
Courtney,Newman,euismod.urna.nullam@protonmail.org,MALE
Boris,Lopez,a.aliquet@aol.ca,MALE
Angelica,Davidson,elementum.at@protonmail.edu,FEMALE
Alice,Holt,integer.sem@yahoo.ca,FEMALE
Gemma,Munoz,fermentum.convallis.ligula@icloud.net,MALE
Solomon,Moses,auctor.quis@outlook.net,MALE
Graiden,Glenn,lobortis.risus.in@outlook.com,FEMALE
Lillian,Booker,etiam.laoreet.libero@google.net,FEMALE
Davis,O'donnell,at.egestas@yahoo.edu,MALE
Ray,Johnson,lobortis.quis@google.com,MALE
Aladdin,Morris,ornare.placerat@protonmail.com,FEMALE
Sebastian,Carney,quisque@icloud.net,FEMALE
Peter,Watson,orci.lacus@google.edu,MALE
Holmes,Doyle,nonummy.ut.molestie@yahoo.ca,MALE
Nehru,Velasquez,senectus.et@hotmail.com,FEMALE
Graiden,Foreman,quam.curabitur.vel@icloud.org,FEMALE
Deborah,Mcguire,non.enim@yahoo.couk,MALE
Jana,Morrow,purus@yahoo.ca,MALE
Melanie,Baldwin,malesuada.fames@outlook.ca,FEMALE
Beverly,Koch,dolor.donec@icloud.ca,FEMALE
Nathan,Hayes,ac@yahoo.com,MALE
Fleur,Delaney,lobortis.tellus@protonmail.net,MALE
Mia,Glenn,ipsum.sodales@aol.ca,FEMALE
Rigel,Blackwell,amet@hotmail.org,FEMALE
Colby,Fisher,arcu.aliquam@yahoo.edu,MALE
Xyla,Clements,donec.feugiat@yahoo.net,MALE
Bevis,Preston,dignissim.magna@aol.com,FEMALE
Summer,Bush,porttitor.vulputate@icloud.net,FEMALE
Desiree,Beasley,nulla.magna.malesuada@outlook.couk,MALE
Kenneth,Drake,curae.donec@outlook.couk,MALE
James,Pollard,posuere.vulputate@outlook.edu,FEMALE
Phyllis,Good,enim.nec.tempus@google.net,FEMALE
Freya,Hernandez,aliquam.eros.turpis@protonmail.com,MALE
Chester,Castillo,lectus@protonmail.ca,MALE
Raven,Woodward,non.lacinia@google.net,FEMALE
Georgia,Wooten,vehicula.et.rutrum@aol.net,FEMALE
Demetrius,Dominguez,eu@hotmail.edu,MALE
Ezra,Cox,turpis.in@icloud.ca,MALE
Driscoll,Roth,arcu@hotmail.net,FEMALE
Aileen,Best,a.auctor@protonmail.couk,FEMALE
Lyle,Washington,nulla.in@yahoo.ca,MALE
Lucas,Stanton,ullamcorper.magna@aol.edu,MALE
Dolan,Hunt,turpis.vitae@hotmail.net,FEMALE
Hillary,Woods,natoque.penatibus@outlook.org,FEMALE
Phyllis,Boyle,elit.etiam.laoreet@yahoo.com,MALE
Alexis,Doyle,lorem.fringilla@icloud.org,MALE
Donovan,York,nunc.nulla@protonmail.ca,FEMALE
August,Warner,faucibus.morbi.vehicula@icloud.ca,FEMALE
Emily,Lucas,condimentum.eget@outlook.couk,MALE
Boris,Andrews,sed@outlook.couk,MALE
Richard,Roberson,lorem@google.org,FEMALE
Maya,Carpenter,nunc.sed@aol.org,FEMALE
Richard,Padilla,suspendisse.non@aol.couk,MALE
Aphrodite,Crawford,gravida.nunc@google.edu,MALE
Zeph,Buckner,eu.neque@outlook.couk,FEMALE
Dieter,Fitzgerald,nam@icloud.couk,FEMALE
Kaseem,Cox,pellentesque@protonmail.ca,MALE
Lars,Hunter,sapien.aenean@hotmail.ca,MALE
Ishmael,Vinson,sed.malesuada.augue@hotmail.net,FEMALE
Fritz,Allen,libero@protonmail.couk,FEMALE
Avram,Ellis,morbi.metus.vivamus@google.org,MALE
Harrison,Blake,in@aol.net,MALE
Benjamin,Mcknight,cum.sociis@hotmail.org,FEMALE
Jeremy,Sargent,integer.in@icloud.ca,FEMALE
Quinlan,Brennan,varius@protonmail.com,MALE
Vernon,Price,imperdiet.ullamcorper@hotmail.net,MALE
Galvin,Ruiz,purus@hotmail.edu,FEMALE
Fatima,Potts,lectus.cum.sociis@yahoo.net,FEMALE
Carolyn,Snow,interdum@outlook.net,MALE
Calista,Reese,sodales.nisi.magna@yahoo.org,MALE
Cody,Drake,convallis@icloud.net,FEMALE
Aileen,Bray,volutpat.nunc@aol.com,FEMALE
Noble,Fischer,inceptos@outlook.org,MALE
Fitzgerald,Cruz,luctus.et@hotmail.com,MALE
Dorian,Holder,nunc.commodo@protonmail.org,FEMALE
Laith,Garrett,gravida.mauris@outlook.ca,FEMALE
Karly,Sparks,quam@icloud.org,MALE
Joan,Mccray,ante.nunc@outlook.net,MALE
Erasmus,Harding,egestas.hendrerit.neque@outlook.net,FEMALE
Cally,Norton,urna.suscipit@icloud.net,FEMALE
Elvis,Nolan,justo.eu@yahoo.com,MALE
Bethany,Richard,pede.ultrices@icloud.org,MALE
Emerson,Robinson,risus@outlook.com,FEMALE
Maia,Black,tellus.eu@hotmail.org,FEMALE
Forrest,Juarez,ut.dolor.dapibus@hotmail.org,MALE
Walker,Miller,dolor@protonmail.org,MALE
Tasha,Baldwin,primis.in.faucibus@outlook.couk,FEMALE
Jana,Bright,duis@hotmail.ca,FEMALE
Lenore,Fields,rhoncus.nullam@hotmail.edu,MALE
Xander,Dawson,sit.xander@outlook.edu,MALE
Avye,Kane,nec.urna.et@outlook.org,FEMALE
September,Cannon,dapibus.quam.quis@protonmail.net,FEMALE
Forrest,Barnes,euismod.urna@hotmail.com,MALE
Hiroko,Wall,integer.id@aol.org,MALE
Merritt,Merrill,felis@aol.org,FEMALE
Emmanuel,Berry,duis@icloud.net,FEMALE
Nathan,Welch,nam.consequat@aol.com,MALE
Alden,Johns,malesuada.integer@outlook.net,MALE
Noah,Goodman,est.nunc@google.net,FEMALE
Hadassah,Pope,pede.nunc@icloud.com,FEMALE
Jonas,Kennedy,velit.pellentesque@hotmail.com,MALE
Kylynn,Wilkerson,rhoncus.nullam.velit@icloud.ca,MALE
Xenos,Jacobs,nec.euismod@outlook.edu,FEMALE
Julian,Mcneil,nunc@hotmail.org,FEMALE
Laith,Flores,tellus.nunc.lectus@hotmail.org,MALE
Dalton,Calhoun,tincidunt.nibh@icloud.com,MALE
Yuri,Holder,nulla.eu@hotmail.net,FEMALE
Ivan,Mays,venenatis@hotmail.couk,FEMALE
Malachi,Dyer,phasellus.libero@yahoo.org,MALE
Nathaniel,Jensen,rutrum.magna@google.ca,MALE
Kylan,Cameron,magnis.dis.parturient@yahoo.org,FEMALE
Cairo,Parsons,aliquet.sem@outlook.org,FEMALE
Holmes,Warner,vehicula.et@outlook.couk,MALE
Isadora,Torres,amet@icloud.couk,MALE
Gabriel,Gibbs,ipsum.nunc.id@icloud.ca,FEMALE
Gary,Moon,facilisis.suspendisse.commodo@aol.couk,FEMALE
Cadman,Harvey,sed@hotmail.org,MALE
Freya,Lawson,dictum.sapien@protonmail.com,MALE
Todd,Washington,aenean.eget@google.net,FEMALE
Kimberly,Harper,penatibus@google.ca,FEMALE
Sybill,Alexander,libero.proin.mi@protonmail.com,MALE
Cassidy,Spears,habitant@icloud.edu,MALE
Emery,Harrington,eget.mollis.lectus@aol.com,FEMALE
Chester,Sanchez,tellus.eu@protonmail.edu,FEMALE
Deanna,Stewart,conubia.nostra@icloud.edu,MALE
Mannix,Melendez,egestas.blandit.nam@hotmail.net,MALE
Imani,Moody,consectetuer.adipiscing.elit@icloud.couk,FEMALE
Iola,Buckley,pede.praesent@outlook.ca,FEMALE
Arden,Sheppard,sed.nulla@outlook.edu,MALE
Chase,Gould,nonummy.fusce@google.com,MALE
Laura,Farrell,nulla.eu.neque@google.com,FEMALE
Rama,Burke,sagittis.placerat.cras@outlook.edu,FEMALE
Emily,Garrett,consectetuer.cursus.et@outlook.org,MALE
Austin,Walton,enim@icloud.com,MALE
Lester,Foster,mi.lacinia.mattis@yahoo.net,FEMALE
Heidi,Bender,risus.odio@yahoo.com,FEMALE
Larissa,Hanson,enim.mauris@outlook.ca,MALE
Vielka,Foreman,nunc.lectus@outlook.com,MALE
Eagan,Cross,id.magna.et@hotmail.org,FEMALE
Garth,Morales,lectus.rutrum.urna@outlook.edu,FEMALE
Whoopi,Williamson,integer.mollis@yahoo.edu,MALE
Illiana,Dodson,aenean.euismod@hotmail.ca,MALE
Christen,Oneal,sed.eu@aol.ca,FEMALE
Kathleen,Mccoy,et.pede@hotmail.edu,FEMALE
Adrian,Acevedo,rutrum.fusce.dolor@google.net,MALE
Lareina,Sharpe,rhoncus.proin.nisl@hotmail.ca,MALE
Aileen,Smith,turpis.aliquam@icloud.couk,FEMALE
Warren,Mccormick,enim.condimentum.eget@google.couk,FEMALE
Desiree,Morin,ac@icloud.couk,MALE
Jolene,Larson,imperdiet.dictum@hotmail.org,MALE
Perry,Lee,sit.amet.consectetuer@hotmail.couk,FEMALE
Gage,Keller,ante@google.couk,FEMALE
Zachary,Gross,penatibus.et@aol.org,MALE
Armand,Boyd,nibh.vulputate.mauris@aol.com,MALE
Anastasia,Rutledge,nec.ante@outlook.couk,FEMALE
Chadwick,Massey,rutrum.non@outlook.com,FEMALE
Lyle,Kaufman,suspendisse@outlook.com,MALE
Olympia,Conner,dolor.fusce@outlook.com,MALE
Venus,Warren,hendrerit.consectetuer@aol.net,FEMALE
Richard,Larson,elit@outlook.ca,FEMALE
Travis,Parks,pellentesque@outlook.org,MALE
Ishmael,Stone,a@aol.net,MALE
Connor,Mathis,sagittis.placerat.cras@protonmail.edu,FEMALE
Zachary,Petersen,nisi.nibh.lacinia@yahoo.org,FEMALE
Elliott,Dillon,suscipit.nonummy@aol.org,MALE
Armand,Pennington,sit.amet.consectetuer@icloud.ca,MALE
Zeus,Hoover,odio@google.com,FEMALE
Karly,Wells,arcu.morbi@hotmail.couk,FEMALE
Sebastian,Bray,dolor.quisque.tincidunt@outlook.org,MALE
Cathleen,Orr,a.purus@icloud.net,MALE
May,Mendez,purus.sapien.gravida@outlook.org,FEMALE
Lois,Wagner,sagittis.nullam.vitae@google.ca,FEMALE
Fitzgerald,Landry,phasellus@google.couk,MALE
Cheyenne,Marquez,phasellus.fermentum@google.org,MALE
Justina,Suarez,ligula.eu.enim@google.net,FEMALE
Griffith,Bowers,lectus.pede.et@icloud.edu,FEMALE
Marsden,Townsend,rutrum@aol.com,MALE
Nicholas,Chandler,consequat.purus@protonmail.com,MALE
Ora,Fitzpatrick,senectus.et.netus@outlook.org,FEMALE
Macy,Hardin,turpis.in@aol.ca,FEMALE
Laith,Wall,ante.bibendum@icloud.couk,MALE
Bo,Flynn,at@hotmail.org,MALE
Macon,Griffith,quam@aol.ca,FEMALE
Gloria,Dotson,ut.sem.nulla@google.net,FEMALE
Nigel,Ayers,libero.integer.in@aol.org,MALE
Cade,Hickman,consectetuer@icloud.edu,MALE
Hector,Galloway,mauris.erat@yahoo.couk,FEMALE
Joy,Potts,morbi.metus.vivamus@yahoo.net,FEMALE
Melodie,Malone,eu.neque.pellentesque@icloud.ca,MALE
Simon,Burt,lacinia.at@google.net,MALE
Akeem,Bryan,consectetuer.ipsum@aol.com,FEMALE
Elijah,Strong,ornare.placerat.orci@outlook.edu,FEMALE
Dominic,Hughes,in.mi@icloud.org,MALE
Bo,Chase,ullamcorper@google.edu,MALE
Brenna,Buchanan,est.mauris.rhoncus@google.net,FEMALE
Alden,Mccullough,lobortis@aol.net,FEMALE
Larissa,Rojas,nibh.phasellus@outlook.couk,MALE
Wilma,Hurst,arcu.eu@hotmail.com,MALE
Keiko,Foley,sem.molestie@outlook.org,FEMALE
Adara,Griffith,semper.erat@protonmail.couk,FEMALE
Brandon,Burns,tempor@yahoo.ca,MALE
Denton,Figueroa,metus.sit.amet@icloud.couk,MALE
Paloma,Beach,nunc.ut@yahoo.edu,FEMALE
Dana,Mccullough,amet@aol.org,FEMALE
Tanisha,Curry,accumsan.sed.facilisis@hotmail.edu,MALE
Eric,Miles,mi.lacinia@icloud.ca,MALE
Martina,Drake,vivamus.nisi@icloud.com,FEMALE
Jack,Montoya,ipsum.ac@yahoo.org,FEMALE
Jeremy,Schwartz,vivamus.non.lorem@protonmail.net,MALE
Ima,Berger,duis.volutpat@protonmail.com,MALE
Shaine,Kelly,noc.euismod@outlook.edu,FEMALE
Kiayada,Fitzpatrick,etiam.bibendum.fermentum@hotmail.ca,FEMALE
Caleb,Mcclain,enim.sit@hotmail.org,MALE
Jordan,Leon,at.lacus@icloud.com,MALE
Katell,Peters,tincidunt.aliquam.arcu@protonmail.ca,FEMALE
Wynne,Dejesus,mattis.velit@google.net,FEMALE
Whoopi,Dunn,aliquam@aol.edu,MALE
Kasimir,Hartman,elementum.dui.quis@outlook.org,MALE
Clark,Beck,et@hotmail.com,FEMALE
Noelle,Fischer,consequat.lectus@icloud.net,FEMALE
Cleo,Diaz,luctus.et@protonmail.org,MALE
Bianca,Willis,lacus.varius.et@outlook.net,MALE
Jackson,Cooley,eget@google.org,FEMALE
Cedric,Duncan,imperdiet.nec.leo@hotmail.org,FEMALE
Brady,Mendoza,fringilla.est.mauris@google.couk,MALE
Jakeem,Justice,nulla.magna.malesuada@yahoo.com,MALE
Roth,Burton,etiam@icloud.ca,FEMALE
Branden,Madden,placerat.orci@google.org,FEMALE
Bevis,Mcneil,sociosqu@google.couk,MALE
Libby,Carson,nonummy@aol.org,MALE
Sheila,Marks,sed.diam@outlook.ca,FEMALE
Leandra,Villarreal,aliquam@outlook.edu,FEMALE
Heidi,Bridges,rhoncus.id@hotmail.couk,MALE
Allegra,Everett,sit@outlook.edu,MALE
Brody,Wilkinson,etiam.laoreet@hotmail.com,FEMALE
Melvin,Haynes,augue.ac@aol.com,FEMALE
September,Mccray,lobortis.augue@icloud.couk,MALE
Marah,Hudson,convallis@hotmail.edu,MALE
Leandra,Bennett,diam@icloud.ca,FEMALE
Chandler,Barrett,sollicitudin.orci@hotmail.org,FEMALE
Kaye,Lawrence,etiam@yahoo.com,MALE
Whitney,Clemons,dui@protonmail.edu,MALE
Robin,Tyler,a@google.com,FEMALE
Jerome,Bright,aliquet@yahoo.com,FEMALE
Prescott,Lawrence,lorem.ipsum@outlook.com,MALE
Hiram,Jimenez,bibendum.ullamcorper.duis@outlook.ca,MALE
Beau,Mcdowell,tristique.senectus@hotmail.edu,FEMALE
Logan,Browning,phasellus.dapibus.quam@yahoo.couk,FEMALE
Josiah,Parks,nullam.nisl@outlook.net,MALE
Nicholas,Jenkins,nullam.ut.nisi@aol.couk,MALE
Genevieve,Allison,semper.cursus@hotmail.ca,FEMALE
Jorden,Conway,ligula.aenean@protonmail.ca,FEMALE
Brian,Stanton,sociosqu.ad.litora@hotmail.couk,MALE
Chancellor,Spencer,convallis@outlook.org,MALE
Denton,Montgomery,justo.praesent@hotmail.org,FEMALE
Chester,Murphy,tincidunt.pede@protonmail.com,FEMALE
Charde,Shepherd,vivamus.sit.amet@icloud.org,MALE
Lareina,Avila,sed.id@yahoo.org,MALE
Kadeem,Black,porttitor.tellus@hotmail.couk,FEMALE
Wyoming,Chambers,faucibus.orci@icloud.edu,FEMALE
Buckminster,Byers,semper@outlook.org,MALE
Ali,Spencer,mauris.elit@hotmail.ca,MALE
Amir,Jennings,mauris.vel@icloud.net,FEMALE
Robert,Craig,erat@yahoo.ca,FEMALE
Tanya,Bush,suspendisse.sed@yahoo.ca,MALE
Hu,Espinoza,porta.elit@protonmail.couk,MALE
Kaye,Emerson,tempus.non@icloud.org,FEMALE
Megan,Espinoza,et@yahoo.com,FEMALE
Abbot,Knox,suspendisse.tristique@yahoo.ca,MALE
Hu,Walters,nisi@yahoo.com,MALE
Ivan,Shannon,in.lorem@hotmail.org,FEMALE
Jameson,Paul,duis.a@yahoo.ca,FEMALE
Jayme,Olsen,aliquam.tincidunt@hotmail.org,MALE
Ethan,Nguyen,purus.mauris.a@google.edu,MALE
Jane,Bishop,nunc.risus.varius@protonmail.couk,FEMALE
Wayne,Jimenez,odio.semper.cursus@google.com,FEMALE
Kameko,Frazier,ut@icloud.com,MALE
Madeline,Carver,non.enim@aol.org,MALE
Malcolm,Castaneda,et.risus@icloud.ca,FEMALE
Holmes,Cantrell,vel@protonmail.net,FEMALE
Adena,Jones,eu.odio.phasellus@hotmail.net,MALE
Amity,Kelley,nec.mauris@outlook.net,MALE
Herrod,Dickerson,velit.dui@protonmail.couk,FEMALE
Kane,Stuart,ultricies.adipiscing.enim@protonmail.edu,FEMALE
Kasper,Buckley,natoque.penatibus@protonmail.edu,MALE
Cleo,Willis,curabitur.ut.odio@outlook.org,MALE
Imelda,Rosales,varius.et.euismod@outlook.edu,FEMALE
Hannah,Browning,sed.auctor@protonmail.ca,FEMALE
Ramona,Cunningham,suspendisse.aliquet.sem@hotmail.net,MALE
Tiger,Mccarthy,pharetra.ut@aol.ca,MALE
Valentine,Blackwell,aenean.egestas@outlook.ca,FEMALE
Stacey,Irwin,sed.libero.proin@google.net,FEMALE
Penelope,Jefferson,orci.consectetuer@google.com,MALE
Abra,Haynes,nulla@aol.couk,MALE
Chelsea,Carlson,eget.magna@google.net,FEMALE
Madeline,Harrell,in@protonmail.couk,FEMALE
Felix,Cote,non.sapien@icloud.ca,MALE
Robin,Durham,semper.pretium@hotmail.org,MALE
Harrison,Herring,aliquet.metus.urna@icloud.couk,FEMALE
Brendan,Lopez,mauris@yahoo.edu,FEMALE
Porter,Holt,amet.consectetuer.adipiscing@outlook.org,MALE
Elaine,Pearson,vulputate.mauris@protonmail.edu,MALE
Colleen,Flores,adipiscing@outlook.couk,FEMALE
Kristen,Haley,integer.vitae@google.ca,FEMALE
Dolan,Walls,vel.vulputate.eu@google.ca,MALE
Guinevere,Atkinson,scelerisque.mollis@outlook.ca,MALE
Yael,Koch,convallis.ligula@google.edu,FEMALE
Drew,Goodman,quis@hotmail.org,FEMALE
Echo,Sargent,phasellus.at@yahoo.org,MALE
Jakeem,Lee,scelerisque@yahoo.couk,MALE
Mufutau,Wilson,amet@google.couk,FEMALE
Asher,Moody,ridiculus.mus.aenean@yahoo.ca,FEMALE
Raphael,Hobbs,ante.lectus.convallis@yahoo.org,MALE
Kirsten,Wilkerson,pede.et@outlook.ca,MALE
Blake,Garrett,varius.nam@outlook.org,FEMALE
Brennan,Lawrence,neque.sed.eget@hotmail.com,FEMALE
Dorian,Houston,fermentum@outlook.com,MALE
Stacey,Richmond,nulla.donec@aol.org,MALE
Palmer,Blackburn,mollis@outlook.org,FEMALE
Amos,Juarez,nunc.quis@protonmail.com,FEMALE
Driscoll,Steele,tincidunt.pede@protonmail.ca,MALE
Amber,Chang,non.arcu@google.couk,MALE
Destiny,Compton,a@aol.com,FEMALE
Ryan,Whitaker,rhoncus.id@protonmail.edu,FEMALE
Kevyn,Powers,sagittis@protonmail.org,MALE
Idona,Fry,phasellus.at@aol.couk,MALE
Ferdinand,Jacobs,dolor@outlook.org,FEMALE
Randall,Gilmore,odio.sagittis@aol.edu,FEMALE
Lael,Guthrie,lacus.pede@outlook.ca,MALE
Elvis,Morse,ante@google.edu,MALE
Hector,Cantu,orci.adipiscing.non@hotmail.net,FEMALE
Valentine,Stephenson,libero.mauris.aliquam@yahoo.org,FEMALE
Jonah,Whitaker,ultricies.adipiscing.enim@icloud.couk,MALE
Fallon,Bender,eget.nisi@icloud.net,MALE
Lewis,Velez,elit.pretium@outlook.edu,FEMALE
Alfreda,Hurst,eu.elit.nulla@hotmail.edu,FEMALE
Lynn,Lang,aliquam.erat.volutpat@hotmail.ca,MALE
Malachi,Hickman,justo.sit.amet@outlook.couk,MALE
Declan,Dalton,integer.eu@icloud.com,FEMALE
Keiko,Hess,nulla.semper@hotmail.couk,FEMALE
Amos,Kramer,non.vestibulum@outlook.net,MALE
Benedict,Knowles,at.pede@aol.com,MALE
Troy,Walter,penatibus@icloud.net,FEMALE
Colin,Cook,donec.tempor@outlook.com,FEMALE
Guy,Cabrera,quis.massa@outlook.couk,MALE
Marvin,Cohen,gravida.praesent@google.ca,MALE
Philip,Duffy,mi.tempor.lorem@yahoo.ca,FEMALE
Hilary,Bartlett,elit@google.com,FEMALE
Lydia,Trevino,aliquet.magna@yahoo.ca,MALE
Knox,Powell,aliquam.eu.accumsan@protonmail.edu,MALE
Drake,Griffin,quisque.nonummy@outlook.com,FEMALE
Michael,Hernandez,donec.egestas@aol.edu,FEMALE
Veronica,Nicholson,porttitor.vulputate.posuere@yahoo.ca,MALE
Alisa,Weber,mattis@google.com,MALE
Dexter,Bridges,dignissim.pharetra@yahoo.com,FEMALE
Clayton,Wong,nibh@google.ca,FEMALE
Joseph,Webb,ornare.placerat@aol.net,MALE
Amal,Moore,ultricies@yahoo.org,MALE
Christian,Powell,diam.dictum@yahoo.org,FEMALE
Ulysses,Merrill,amet.ultricies@outlook.net,FEMALE
Barrett,Webster,nam.consequat@yahoo.org,MALE
Conan,Sutton,noooec.malesuada@hotmail.org,MALE
Plato,Mayo,integer.mollis.integer@aol.com,FEMALE
Colin,Conley,suspendisse@protonmail.org,FEMALE
Felicia,Fleming,augue.ac.ipsum@yahoo.edu,MALE
Lydia,Hendrix,convallis.dolor@hotmail.org,MALE
Steel,Kidd,sed.orci.lobortis@yahoo.ca,FEMALE
Colette,Lloyd,purus.accumsan.interdum@protonmail.ca,FEMALE
Nathan,Webb,vel.mauris.integer@protonmail.net,MALE
Iona,Owens,consectetuer@google.com,MALE
Channing,Jimenez,tempus@yahoo.net,FEMALE
Kylynn,Thornton,at@hotmail.ca,FEMALE
Marny,Walton,integer.eu.lacus@yahoo.com,MALE
Garrett,Kelley,sem.nulla@yahoo.com,MALE
Ursa,Bray,lectus.a@protonmail.ca,FEMALE
Melissa,Yang,dis@yahoo.net,FEMALE
Jakeem,Morrow,consectetuer.rhoncus@aol.couk,MALE
Teagan,Coleman,integer.mollis.integer@outlook.couk,MALE
Owen,Yates,eu@yahoo.edu,FEMALE
Solomon,Moran,donec@google.edu,FEMALE
Brett,Reed,ac.urna.ut@protonmail.couk,MALE
Stuart,Hart,hendrerit@outlook.ca,MALE
Kadeem,Mcconnell,sem.elit.pharetra@outlook.couk,FEMALE
Reuben,Raymond,mauris.suspendisse@aol.com,FEMALE
Uriah,Berry,donec.egestas.duis@outlook.net,MALE
Buckminster,Bentley,vitae.diam@hotmail.net,MALE
Stephanie,Robertson,non.sollicitudin@outlook.com,FEMALE
Isaac,Gay,pretium.et.rutrum@outlook.couk,FEMALE
Mason,Short,odio.etiam@aol.couk,MALE
Irma,Knapp,in.lobortis@yahoo.org,MALE
Gillian,Langley,mauris.ipsum@icloud.net,FEMALE
Chadwick,Alvarado,dui.nec@protonmail.net,FEMALE
Isabelle,Hansen,mi.tempor@yahoo.net,MALE
Colt,Walton,malesuada@icloud.net,MALE
Shea,Joyner,eu.eros.nam@icloud.net,FEMALE
Wayne,Pacheco,ante@outlook.couk,FEMALE
Azalia,Yang,nam.consequat@protonmail.edu,MALE
Myles,Hickman,natoque.penatibus@hotmail.couk,MALE
Danielle,Valentine,lorem.ipsum@icloud.com,FEMALE
Stephen,Chaney,in.sodales@yahoo.org,FEMALE
Dolan,Cain,ultrices@aol.org,MALE
Bruce,Howard,in.aliquet@aol.couk,MALE
Beverly,Ford,nullam@google.net,FEMALE
Zephr,Rutledge,aliquam.adipiscing.lobortis@protonmail.ca,FEMALE
Naida,Palmer,risus.quisque.libero@outlook.com,MALE
Cameran,Holder,faucibus.leo.in@icloud.couk,MALE
Otto,Faulkner,enim@icloud.ca,FEMALE
Megan,Reese,est.mollis.non@hotmail.ca,FEMALE
Naomi,Glover,libero.dui@yahoo.com,MALE
Sheila,Moody,arcu@google.com,MALE
Sopoline,Kirby,suspendisse.aliquet@google.edu,FEMALE
Travis,Bass,sed.libero@icloud.edu,FEMALE
Amaya,Buckner,sit.amet.consectetuer@yahoo.org,MALE
Olivia,Wooten,venenatis.a.magna@aol.org,MALE
Lydia,Rowe,ipsum.porta@google.org,FEMALE
Allistair,Conway,quisque.fringilla.euismod@yahoo.net,FEMALE
Kieran,Duffy,nunc.in.at@icloud.couk,MALE
Georgia,Smith,nonummy@icloud.com,MALE
Arthur,Pugh,elit@outlook.net,FEMALE
Garrett,Bullock,pellentesque.habitant@aol.net,FEMALE
Derek,Shaffer,proin.sed.turpis@aol.edu,MALE
Murphy,Patrick,vel.venenatis@aol.couk,MALE
Duncan,Kinney,integer.vulputate@aol.edu,FEMALE
Donovan,Parker,sit.amet.consectetuer@hotmail.co.uk,FEMALE
Buckminster,Weaver,aliquam.tincidunt.nunc@aol.net,MALE
Talon,Arnold,congue.elit@protonmail.couk,MALE
Brennan,Keith,fringilla.donec@yahoo.org,FEMALE
David,Walker,mi@yahoo.org,FEMALE
